id,name,symbol,slug,num_market_pairs,date_added,tags,max_supply,circulating_supply,total_supply,infinite_supply,platform,cmc_rank,self_reported_circulating_supply,self_reported_market_cap,tvl_ratio,last_updated,quote.USD.price,quote.USD.volume_24h,quote.USD.volume_change_24h,quote.USD.percent_change_1h,quote.USD.percent_change_24h,quote.USD.percent_change_7d,quote.USD.percent_change_30d,quote.USD.percent_change_60d,quote.USD.percent_change_90d,quote.USD.market_cap,quote.USD.market_cap_dominance,quote.USD.fully_diluted_market_cap,quote.USD.tvl,quote.USD.last_updated,platform.id,platform.name,platform.symbol,platform.slug,platform.token_address,pulled_at,market_cap_tier
1,Bitcoin,BTC,bitcoin,12231,2010-07-13T00:00:00.000Z,"['mineable', 'pow', 'sha-256', 'store-of-value', 'state-channel', 'coinbase-ventures-portfolio', 'three-arrows-capital-portfolio', 'polychain-capital-portfolio', 'binance-labs-portfolio', 'blockchain-capital-portfolio', 'boostvc-portfolio', 'cms-holdings-portfolio', 'dcg-portfolio', 'dragonfly-capital-portfolio', 'electric-capital-portfolio', 'fabric-ventures-portfolio', 'framework-ventures-portfolio', 'galaxy-digital-portfolio', 'huobi-capital-portfolio', 'alameda-research-portfolio', 'a16z-portfolio', '1confirmation-portfolio', 'winklevoss-capital-portfolio', 'usv-portfolio', 'placeholder-ventures-portfolio', 'pantera-capital-portfolio', 'multicoin-capital-portfolio', 'paradigm-portfolio', 'bitcoin-ecosystem', 'layer-1', 'ftx-bankruptcy-estate', '2017-2018-alt-season', 'us-strategic-crypto-reserve', 'binance-ecosystem', 'binance-listing']",21000000.0,19886106.0,19886106.0,False,,1,,,,2025-07-01T18:25:00.000Z,105965.65899762833,42597050083.53542,0.5302,-0.32965529,-1.28889443,0.0886731,1.05938316,8.69052537,22.61445013,2107244327186.6907,64.5922,2225278838950.19,,2025-07-01T18:25:00.000Z,,,,,,2025-07-02 00:02:29.214596,Mega Cap ($10B+)
1027,Ethereum,ETH,ethereum,10359,2015-08-07T00:00:00.000Z,"['pos', 'smart-contracts', 'ethereum-ecosystem', 'coinbase-ventures-portfolio', 'three-arrows-capital-portfolio', 'polychain-capital-portfolio', 'binance-labs-portfolio', 'blockchain-capital-portfolio', 'boostvc-portfolio', 'cms-holdings-portfolio', 'dcg-portfolio', 'dragonfly-capital-portfolio', 'electric-capital-portfolio', 'fabric-ventures-portfolio', 'framework-ventures-portfolio', 'hashkey-capital-portfolio', 'kenetic-capital-portfolio', 'huobi-capital-portfolio', 'alameda-research-portfolio', 'a16z-portfolio', '1confirmation-portfolio', 'winklevoss-capital-portfolio', 'usv-portfolio', 'placeholder-ventures-portfolio', 'pantera-capital-portfolio', 'multicoin-capital-portfolio', 'paradigm-portfolio', 'ethereum-pow-ecosystem', 'layer-1', 'ftx-bankruptcy-estate', 'sora-ecosystem', 'rsk-rbtc-ecosystem', 'world-liberty-financial-portfolio', 'us-strategic-crypto-reserve', 'binance-ecosystem', 'binance-listing']",,120717564.25812733,120717564.25812733,True,,2,,,,2025-07-01T18:25:00.000Z,2423.685734138753,15261904336.694262,-16.8375,-0.32923693,-2.76647407,-0.84245316,-3.80570407,30.85716268,28.05090318,292581438352.4014,8.9683,292581438352.4,,2025-07-01T18:25:00.000Z,,,,,,2025-07-02 00:02:29.214596,Mega Cap ($10B+)
825,Tether USDt,USDT,tether,134452,2015-02-25T00:00:00.000Z,"['stablecoin', 'asset-backed-stablecoin', 'usd-stablecoin', 'ethereum-pow-ecosystem', 'fiat-stablecoin', 'tron20-ecosystem', 'rsk-rbtc-ecosystem', 'world-liberty-financial-portfolio', 'binance-ecosystem', 'binance-listing']",,157715226184.9504,159826220130.02545,True,,3,,,,2025-07-01T18:25:00.000Z,1.0002918361213344,61721930044.96369,-3.9276,0.00232016,-0.0046472,-0.02686063,-0.00608951,-0.01354125,0.04239803,157761253184.8356,4.8358,159872863194.2,,2025-07-01T18:25:00.000Z,1027.0,Ethereum,ETH,ethereum,0xdac17f958d2ee523a2206206994597c13d831ec7,2025-07-02 00:02:29.214596,Mega Cap ($10B+)
52,XRP,XRP,xrp,1635,2013-08-04T00:00:00.000Z,"['medium-of-exchange', 'enterprise-solutions', 'xrp-ecosystem', 'arrington-xrp-capital-portfolio', 'galaxy-digital-portfolio', 'a16z-portfolio', 'pantera-capital-portfolio', 'ftx-bankruptcy-estate', '2017-2018-alt-season', 'klaytn-ecosystem', 'made-in-america', 'us-strategic-crypto-reserve', 'binance-ecosystem', 'binance-listing']",100000000000.0,59005546715.0,99985991375.0,False,,4,,,,2025-07-01T18:25:00.000Z,2.1809611223670875,4396543107.703204,89.2621,-0.66137691,-1.85895407,-0.59327606,0.95896538,-1.55403452,2.0480505,128688803389.43001,3.9446,218096112236.71,,2025-07-01T18:25:00.000Z,,,,,,2025-07-02 00:02:29.214596,Mega Cap ($10B+)
1839,BNB,BNB,bnb,2597,2017-07-25T00:00:00.000Z,"['marketplace', 'centralized-exchange', 'payments', 'smart-contracts', 'alameda-research-portfolio', 'multicoin-capital-portfolio', 'bnb-chain-ecosystem', 'layer-1', 'alleged-sec-securities', 'celsius-bankruptcy-estate', 'binance-ecosystem', 'binance-listing']",,140885403.45,140885403.45,False,,5,,,,2025-07-01T18:26:00.000Z,645.3665250303685,1385840398.2650049,-7.4898,-0.21971762,-1.89488338,0.35711657,-1.33039041,7.49910426,6.94379535,90922723252.02798,2.7875,90922723252.03,,2025-07-01T18:26:00.000Z,,,,,,2025-07-02 00:02:29.214596,Mega Cap ($10B+)
5426,Solana,SOL,solana,940,2020-04-10T00:00:00.000Z,"['pos', 'platform', 'solana-ecosystem', 'cms-holdings-portfolio', 'kenetic-capital-portfolio', 'alameda-research-portfolio', 'multicoin-capital-portfolio', 'okx-ventures-portfolio', 'layer-1', 'ftx-bankruptcy-estate', 'alleged-sec-securities', 'cmc-crypto-awards-2024', 'made-in-america', 'us-strategic-crypto-reserve', 'binance-ecosystem', 'binance-listing']",,534609761.338482,604306813.8467602,True,,6,525236893.3,77249024721.19176,,2025-07-01T18:26:00.000Z,147.07463566743277,3672150288.035715,-22.1611,-0.85705941,-6.07243492,2.01799373,-5.46223522,-1.94869183,13.51396326,78627535873.11043,2.4101,88878204477.86,,2025-07-01T18:26:00.000Z,,,,,,2025-07-02 00:02:29.214596,Mega Cap ($10B+)
3408,USDC,USDC,usd-coin,28986,2018-10-08T00:00:00.000Z,"['medium-of-exchange', 'stablecoin', 'asset-backed-stablecoin', 'coinbase-ventures-portfolio', 'usd-stablecoin', 'ethereum-pow-ecosystem', 'fiat-stablecoin', 'tron20-ecosystem', 'made-in-america', 'world-liberty-financial-portfolio', 'binance-ecosystem', 'binance-listing']",,61649262160.356346,61649262160.356346,False,,7,60901219650.23,60903944833.182594,,2025-07-01T18:26:00.000Z,1.000044747592384,8016654758.013421,-4.3521,0.01088202,0.00077606,-0.00128987,0.02423053,0.01088756,0.01611814,61652020816.41027,1.8902,61652020816.41,,2025-07-01T18:26:00.000Z,1027.0,Ethereum,ETH,ethereum,0xa0b86991c6218b36c1d19d4a2e9eb0ce3606eb48,2025-07-02 00:02:29.214596,Mega Cap ($10B+)
1958,TRON,TRX,tron,1191,2017-09-13T00:00:00.000Z,"['media', 'payments', 'tron-ecosystem', 'layer-1', 'dwf-labs-portfolio', 'alleged-sec-securities', '2017-2018-alt-season', 'tron20-ecosystem', 'world-liberty-financial-portfolio', 'binance-ecosystem', 'binance-listing']",,94793975469.68431,94793979612.24493,True,,8,71659659264.0,19975786140.086697,,2025-07-01T18:25:00.000Z,0.2787591560614917,379119562.7060327,-0.1817,-0.05994238,-0.15794474,1.74669324,3.68550755,12.65320296,16.98649261,26424688601.642944,0.81,26424689756.42,,2025-07-01T18:25:00.000Z,,,,,,2025-07-02 00:02:29.214596,Mega Cap ($10B+)
74,Dogecoin,DOGE,dogecoin,1242,2013-12-15T00:00:00.000Z,"['mineable', 'pow', 'scrypt', 'medium-of-exchange', 'memes', 'payments', 'doggone-doggerel', 'osmosis-ecosystem', 'ftx-bankruptcy-estate', 'animal-memes', 'made-in-america', 'binance-ecosystem', 'binance-listing']",,149918026383.70526,149918026383.70526,True,,9,,,,2025-07-01T18:26:00.000Z,0.15846353805126395,723778808.0688835,-16.9729,-0.71603745,-4.06669154,-3.37420086,-17.26750414,-12.69101234,-8.0931307,23756540878.42467,0.7282,23756540878.42,,2025-07-01T18:26:00.000Z,,,,,,2025-07-02 00:02:29.214596,Mega Cap ($10B+)
2010,Cardano,ADA,cardano,1534,2017-10-01T00:00:00.000Z,"['dpos', 'pos', 'platform', 'research', 'smart-contracts', 'staking', 'cardano-ecosystem', 'cardano', 'layer-1', 'alleged-sec-securities', '2017-2018-alt-season', 'made-in-america', 'us-strategic-crypto-reserve', 'binance-ecosystem', 'binance-listing']",45000000000.0,35376156272.84237,44994992609.86569,False,,10,,,,2025-07-01T18:25:00.000Z,0.542162950130542,793721499.4915353,5.2743,-0.87392544,-5.41429313,-7.08046212,-20.30558236,-22.51838878,-20.80047378,19179641249.1633,0.5884,24397332755.87,,2025-07-01T18:25:00.000Z,,,,,,2025-07-02 00:02:29.214596,Mega Cap ($10B+)
32196,Hyperliquid,HYPE,hyperliquid,111,2024-07-15T10:14:50.000Z,"['decentralized-exchange-dex-token', 'defi', 'derivatives', 'layer-1', 'hyperliquid-ecosystem', 'binance-ecosystem', 'binance-listing']",1000000000.0,333928180.0,999993930.0,False,,11,333931719.0,12715172172.868826,,2025-07-01T18:25:00.000Z,38.07716203463986,234455729.10928258,-16.4052,-2.37395722,-5.63256262,0.26181928,14.95115594,78.13868891,175.06750741,12715037417.792387,0.3899,38077162034.64,,2025-07-01T18:25:00.000Z,32196.0,Hyperliquid,HYPE,hyperliquid,0x0d01dc56dcaaca66ad901c959b4011ec,2025-07-02 00:02:29.214596,Mega Cap ($10B+)
1831,Bitcoin Cash,BCH,bitcoin-cash,1029,2017-07-23T00:00:00.000Z,"['mineable', 'pow', 'sha-256', 'marketplace', 'medium-of-exchange', 'store-of-value', 'enterprise-solutions', 'payments', 'layer-1', '2017-2018-alt-season', 'made-in-america', 'binance-ecosystem', 'binance-listing']",21000000.0,19891421.875,19891421.875,False,,12,,,,2025-07-01T18:25:00.000Z,519.1084052796677,562801848.8540224,11.1707,0.08655922,0.22347913,15.27079012,28.65132866,36.40573663,67.89679061,10325804288.276348,0.3165,10901276510.87,,2025-07-01T18:25:00.000Z,,,,,,2025-07-02 00:02:29.214596,Mega Cap ($10B+)
20947,Sui,SUI,sui,692,2022-07-12T08:03:11.000Z,"['binance-launchpool', 'coinbase-ventures-portfolio', 'binance-labs-portfolio', 'electric-capital-portfolio', 'a16z-portfolio', 'sui-ecosystem', 'layer-1', 'move-vm', 'cmc-crypto-yearbook-2024-2025', 'made-in-america', 'world-liberty-financial-portfolio', 'binance-ecosystem', 'binance-listing']",10000000000.0,3455015252.817221,10000000000.0,False,,13,3396671135.36,9083980453.509731,,2025-07-01T18:25:00.000Z,2.6743773805311166,625023170.8342972,-30.4698,-0.95953961,-4.65423439,-3.47287876,-18.28640901,-22.60930042,9.83476038,9240014641.524374,0.2834,26743773805.31,,2025-07-01T18:25:00.000Z,,,,,,2025-07-02 00:02:29.214596,Large Cap ($1B–$10B)
1975,Chainlink,LINK,chainlink,2026,2017-09-20T00:00:00.000Z,"['platform', 'defi', 'oracles', 'smart-contracts', 'ethereum-ecosystem', 'polkadot', 'heco-ecosystem', 'avalanche-ecosystem', 'solana-ecosystem', 'framework-ventures-portfolio', 'polygon-ecosystem', 'fantom-ecosystem', 'cardano-ecosystem', 'terra-ecosystem', 'web3', 'near-protocol-ecosystem', 'arbitrum-ecosystem', 'cross-chain', 'cardano', 'injective-ecosystem', 'bnb-chain-ecosystem', 'optimism-ecosystem', 'real-world-assets', 'gnosis-chain-ecosystem', 'sora-ecosystem', 'hoo-smart-chain-ecosystem', 'milkomeda-ecosystem', 'energi-ecosystem', 'made-in-america', 'world-liberty-financial-portfolio', 'binance-ecosystem', 'binance-listing']",,678099970.4527867,1000000000.0,False,,14,,,,2025-07-01T18:25:00.000Z,12.902782981641646,292649232.90942395,-23.7558,-0.62818785,-3.4935982,-3.66197593,-7.22395868,-13.3498132,-6.85574414,8749376758.609919,0.2682,12902782981.64,,2025-07-01T18:25:00.000Z,1027.0,Ethereum,ETH,ethereum,0x514910771af9ca656af840dff83e8264ecf986ca,2025-07-02 00:02:29.214596,Large Cap ($1B–$10B)
3957,UNUS SED LEO,LEO,unus-sed-leo,61,2019-05-21T00:00:00.000Z,"['marketplace', 'centralized-exchange', 'discount-token', 'payments', 'ethereum-ecosystem', 'kenetic-capital-portfolio', 'alameda-research-portfolio']",,923144995.9,985239504.0,False,,15,,,,2025-07-01T18:26:00.000Z,8.91087333028915,1447170.25181602,-18.8694,-0.34888602,-2.32071031,-2.37539565,3.47613167,0.58340152,-5.14771345,8226028123.955196,0.2523,8779344420.14,,2025-07-01T18:26:00.000Z,1027.0,Ethereum,ETH,ethereum,0x2af5d2ad76741191d15dfe7bf6ac92d4bd912ca3,2025-07-02 00:02:29.214596,Large Cap ($1B–$10B)
5805,Avalanche,AVAX,avalanche,924,2020-07-13T00:00:00.000Z,"['smart-contracts', 'three-arrows-capital-portfolio', 'polychain-capital-portfolio', 'avalanche-ecosystem', 'cms-holdings-portfolio', 'dragonfly-capital-portfolio', 'real-world-assets', 'layer-1', 'made-in-america', 'binance-ecosystem', 'binance-listing']",715748719.0,422133905.4771939,457136605.4771939,False,,16,,,,2025-07-01T18:25:00.000Z,17.145631999324713,245306360.7347354,-23.5461,-0.81569097,-4.65002944,-4.96232293,-16.87137955,-19.52671677,-11.23765783,7237752597.749689,0.222,12271964139.96,,2025-07-01T18:25:00.000Z,,,,,,2025-07-02 00:02:29.214596,Large Cap ($1B–$10B)
512,Stellar,XLM,stellar,717,2014-08-05T00:00:00.000Z,"['medium-of-exchange', 'enterprise-solutions', 'decentralized-exchange-dex-token', 'defi', 'smart-contracts', 'hashkey-capital-portfolio', 'real-world-assets', '2017-2018-alt-season', 'made-in-america', 'binance-ecosystem', 'binance-listing']",50001806812.0,31231363923.106773,50001786892.81784,False,,17,,,,2025-07-01T18:26:00.000Z,0.22531851671968603,217439946.72392613,36.1811,-0.3921525,-4.5390627,-8.89983807,-15.27284158,-17.73098628,-16.77643475,7037004594.287132,0.2157,11266332944.18,,2025-07-01T18:26:00.000Z,,,,,,2025-07-02 00:02:29.214596,Large Cap ($1B–$10B)
11419,Toncoin,TON,toncoin,752,2021-08-26T13:40:22.000Z,"['pos', 'layer-1', 'ftx-bankruptcy-estate', 'dwf-labs-portfolio', 'toncoin-ecosystem', 'cmc-crypto-yearbook-2024-2025', 'binance-ecosystem', 'binance-listing']",,2468095747.476336,5134063606.365328,True,,18,3414166606.0,9567835846.816723,,2025-07-01T18:26:00.000Z,2.802392780130403,164584030.49223554,28.8167,0.18581984,-4.83176678,-3.50770694,-10.44174992,-11.33388571,-29.69132811,6916573703.398234,0.2122,14387662783.21,,2025-07-01T18:26:00.000Z,,,,,,2025-07-02 00:02:29.214596,Large Cap ($1B–$10B)
5994,Shiba Inu,SHIB,shiba-inu,969,2020-08-01T00:00:00.000Z,"['memes', 'ethereum-ecosystem', 'doggone-doggerel', 'base-ecosystem', 'animal-memes', 'binance-ecosystem', 'binance-listing']",589552695333683.0,589248083293927.1,589502699721483.2,False,,19,589551575078137.0,6574947164.069986,,2025-07-01T18:26:00.000Z,1.1152454580752443e-05,108794299.66529477,-17.8338,-0.52232998,-2.76559322,-3.83347016,-13.68182457,-17.29753702,-11.61744837,6571562485.730954,0.2014,6574959657.67,,2025-07-01T18:26:00.000Z,1027.0,Ethereum,ETH,ethereum,0x95ad61b0a150d79219dcf64e1e6cc01f0b64c4ce,2025-07-02 00:02:29.214596,Large Cap ($1B–$10B)
2,Litecoin,LTC,litecoin,1377,2013-04-28T00:00:00.000Z,"['mineable', 'pow', 'scrypt', 'medium-of-exchange', 'layer-1', '2017-2018-alt-season', 'made-in-america', 'binance-ecosystem', 'binance-listing']",84000000.0,76027101.98347135,84000000.0,False,,20,,,,2025-07-01T18:25:00.000Z,84.24079681890579,343152031.7769344,-5.0608,-0.33824511,-2.29499501,-0.39865794,-3.83033539,-4.3437138,-1.56456473,6404583650.91984,0.1965,7076226932.79,,2025-07-01T18:25:00.000Z,,,,,,2025-07-02 00:02:29.214596,Large Cap ($1B–$10B)
4642,Hedera,HBAR,hedera,349,2019-09-17T00:00:00.000Z,"['dag', 'marketplace', 'enterprise-solutions', 'payments', 'dcg-portfolio', 'hedera-hashgraph-ecosystem', 'real-world-assets', 'layer-1', 'made-in-america', 'binance-ecosystem', 'binance-listing']",50000000000.0,42379959715.14094,50000000000.0,False,,21,,,,2025-07-01T18:25:00.000Z,0.14447876337752197,156669566.88408425,-5.0543,-1.26002186,-3.29806576,-5.27661147,-13.53223858,-22.44644984,-15.89879769,6123004171.632761,0.1877,7223938168.88,,2025-07-01T18:25:00.000Z,,,,,,2025-07-02 00:02:29.214596,Large Cap ($1B–$10B)
328,Monero,XMR,monero,321,2014-05-21T00:00:00.000Z,"['mineable', 'pow', 'medium-of-exchange', 'privacy', 'ringct', 'boostvc-portfolio', 'electric-capital-portfolio', 'galaxy-digital-portfolio', 'layer-1', '2017-2018-alt-season', 'binance-ecosystem', 'binance-listing']",,18446744.07370955,18446744.07370955,True,,22,,,,2025-07-01T18:25:00.000Z,313.86003999254893,117592875.92897041,41.3169,-0.82515187,-0.86312905,-1.43366802,-5.59653814,8.62109012,42.75839015,5789695832.706795,0.1776,5789695832.71,,2025-07-01T18:25:00.000Z,,,,,,2025-07-02 00:02:29.214596,Large Cap ($1B–$10B)
4943,Dai,DAI,multi-collateral-dai,3530,2019-11-22T00:00:00.000Z,"['defi', 'stablecoin', 'asset-backed-stablecoin', 'usd-stablecoin', 'binance-ecosystem', 'binance-listing']",,5365382702.664872,5365382702.664872,True,,23,,,,2025-07-01T18:26:00.000Z,0.9999119372911769,18274336393.67698,-2.875,0.00347373,-0.01090556,-0.00313727,-0.00165179,-0.01200835,0.02527045,5364910212.530203,0.1644,5364910212.53,,2025-07-01T18:26:00.000Z,1027.0,Ethereum,ETH,ethereum,0x6b175474e89094c44da98b954eedeac495271d0f,2025-07-02 00:02:29.214596,Large Cap ($1B–$10B)
29470,Ethena USDe,USDe,ethena-usde,162,2024-02-20T11:05:01.000Z,"['stablecoin', 'asset-backed-stablecoin', 'binance-labs-portfolio', 'dragonfly-capital-portfolio', 'usd-stablecoin', 'eigenlayer-ecosystem', 'binance-ecosystem']",,5307101319.500224,5307101319.500224,True,,24,,,,2025-07-01T18:25:00.000Z,1.0000815151429134,86722957.21315672,-7.8193,-0.01082947,-0.00991247,-0.05439858,-0.11398917,-0.08128018,0.02428754,5307533928.622739,0.1627,5307533928.62,,2025-07-01T18:25:00.000Z,1027.0,Ethereum,ETH,ethereum,0x4c9edd5852cd905f086c759e8383e09bff1e68b3,2025-07-02 00:02:29.214596,Large Cap ($1B–$10B)
11092,Bitget Token,BGB,bitget-token-new,32,2021-07-29T00:00:00.000Z,"['centralized-exchange', 'ethereum-ecosystem']",,1169993089.2,1169993089.2,False,,25,1169993089.2,5287957252.33142,,2025-07-01T18:26:00.000Z,4.519648279245084,52575852.68111151,21.8732,-0.11159736,-0.55679168,5.56305849,-4.99030105,1.33325086,-1.43450661,5287957252.33142,0.1621,5287957252.33,,2025-07-01T18:26:00.000Z,1027.0,Ethereum,ETH,ethereum,0x54D2252757e1672EEaD234D27B1270728fF90581,2025-07-02 00:02:29.214596,Large Cap ($1B–$10B)
6636,Polkadot,DOT,polkadot-new,918,2020-08-19T00:00:00.000Z,"['defi', 'substrate', 'polkadot', 'polkadot-ecosystem', 'three-arrows-capital-portfolio', 'polychain-capital-portfolio', 'heco-ecosystem', 'arrington-xrp-capital-portfolio', 'blockchain-capital-portfolio', 'boostvc-portfolio', 'cms-holdings-portfolio', 'coinfund-portfolio', 'fabric-ventures-portfolio', 'fenbushi-capital-portfolio', 'hashkey-capital-portfolio', 'kenetic-capital-portfolio', '1confirmation-portfolio', 'placeholder-ventures-portfolio', 'pantera-capital-portfolio', 'exnetwork-capital-portfolio', 'web3', 'spartan-group', 'osmosis-ecosystem', 'binance-ecosystem', 'binance-listing']",,1592984599.4151585,1592984599.4151585,True,,26,1531679443.71,5060632677.347398,,2025-07-01T18:25:00.000Z,3.303976362762724,150813442.3291467,-16.3121,-0.9025872,-2.8710542,-4.1627831,-18.07352061,-21.17206805,-20.4461677,5263183462.71273,0.1615,5263183462.71,,2025-07-01T18:25:00.000Z,,,,,,2025-07-02 00:02:29.214596,Large Cap ($1B–$10B)
7083,Uniswap,UNI,uniswap,1249,2020-09-17T00:00:00.000Z,"['decentralized-exchange-dex-token', 'defi', 'dao', 'ethereum-ecosystem', 'yield-farming', 'amm', 'coinbase-ventures-portfolio', 'three-arrows-capital-portfolio', 'governance', 'heco-ecosystem', 'avalanche-ecosystem', 'solana-ecosystem', 'blockchain-capital-portfolio', 'defiance-capital-portfolio', 'alameda-research-portfolio', 'a16z-portfolio', 'pantera-capital-portfolio', 'parafi-capital', 'paradigm-portfolio', 'polygon-ecosystem', 'terra-ecosystem', 'near-protocol-ecosystem', 'arbitrum-ecosystem', 'cmc-crypto-awards-2024', 'gnosis-chain-ecosystem', 'sora-ecosystem', 'hoo-smart-chain-ecosystem', 'made-in-america', 'binance-ecosystem', 'binance-listing']",,628739836.71,1000000000.0,False,,27,,,,2025-07-01T18:25:00.000Z,6.904435772253857,255021421.5556726,-29.5006,-0.44875555,-3.92434506,-1.99475256,11.37824378,30.27670631,11.45414142,4341093820.021573,0.1331,6904435772.25,,2025-07-01T18:25:00.000Z,1027.0,Ethereum,ETH,ethereum,0x1f9840a85d5af5bf1d1762f925bdaddc4201f984,2025-07-02 00:02:29.214596,Large Cap ($1B–$10B)
7278,Aave,AAVE,aave,1097,2020-10-02T00:00:00.000Z,"['defi', 'dao', 'ethereum-ecosystem', 'yield-farming', 'three-arrows-capital-portfolio', 'governance', 'heco-ecosystem', 'avalanche-ecosystem', 'solana-ecosystem', 'lending-borowing', 'blockchain-capital-portfolio', 'defiance-capital-portfolio', 'framework-ventures-portfolio', 'alameda-research-portfolio', 'pantera-capital-portfolio', 'parafi-capital', 'polygon-ecosystem', 'fantom-ecosystem', 'near-protocol-ecosystem', 'optimism-ecosystem', 'standard-crypto-portfolio', 'gnosis-chain-ecosystem', 'sora-ecosystem', 'made-in-america', 'world-liberty-financial-portfolio', 'binance-ecosystem', 'binance-listing']",,15173432.00819333,16000000.0,False,,28,,,0.1606892,2025-07-01T18:25:00.000Z,265.0621360527403,348824709.2770001,-18.132,-0.29657396,-3.29189834,0.47336755,7.24797452,49.70125244,63.76691303,4021902299.3427453,0.1233,4240994176.84,25029076285.78986,2025-07-01T18:25:00.000Z,1027.0,Ethereum,ETH,ethereum,0x7Fc66500c84A76Ad7e9c93437bFc5Ac33E2DDaE9,2025-07-02 00:02:29.214596,Large Cap ($1B–$10B)
24478,Pepe,PEPE,pepe,581,2023-04-17T06:18:08.000Z,"['memes', 'ethereum-ecosystem', 'binance-ecosystem', 'binance-listing']",420690000000000.0,420689899653543.56,420689899653543.56,False,,29,,,,2025-07-01T18:25:00.000Z,9.231012968858955e-06,498657123.1406283,-46.4115,-1.18585463,-6.05013663,-7.24441267,-21.63026428,4.67245985,20.88961207,3883393919.569833,0.119,3883394845.87,,2025-07-01T18:25:00.000Z,1027.0,Ethereum,ETH,ethereum,0x6982508145454ce325ddbe47a25d4ec3d2311933,2025-07-02 00:02:29.214596,Large Cap ($1B–$10B)
35697,Pi,PI,pi,58,2025-02-11T07:16:10.000Z,"['layer-1', 'mobile-mining']",100000000000.0,7625622422.094942,100000000000.0,False,,30,7625735912.4,3754603853.563622,,2025-07-01T18:25:00.000Z,0.49235954361576617,87756393.15189216,-0.7397,-0.26547442,-3.499788,-8.58323648,-22.96274296,-17.01300377,-27.53300618,3754547975.528819,0.1151,49235954361.58,,2025-07-01T18:25:00.000Z,,,,,,2025-07-02 00:02:29.214596,Large Cap ($1B–$10B)
21794,Aptos,APT,aptos,517,2022-10-19T01:50:25.000Z,"['binance-labs-portfolio', 'circle-ventures-portfolio', 'layer-1', 'ftx-bankruptcy-estate', 'move-vm', 'made-in-america', 'binance-ecosystem', 'binance-listing']",,644268065.5334493,1152355009.4462802,True,,31,130000000.0,594595158.2610561,,2025-07-01T18:25:00.000Z,4.573808909700431,170330642.8656595,8.3275,-0.83283828,-5.46468971,-6.74620099,-3.73821573,-16.24049931,-14.89450113,2946759018.3723516,0.0903,5270651609.34,,2025-07-01T18:25:00.000Z,,,,,,2025-07-02 00:02:29.214596,Large Cap ($1B–$10B)
3897,OKB,OKB,okb,141,2019-04-30T00:00:00.000Z,"['marketplace', 'centralized-exchange', 'discount-token', 'ethereum-ecosystem', 'alameda-research-portfolio', 'x1-ecosystem', 'okexchain-ecosystem']",,60000000.0,300000000.0,False,,32,246638974.0,12106755522.210976,,2025-07-01T18:26:00.000Z,49.08695217898115,5519271.53814474,-1.4351,-0.06106298,-1.90288441,-1.67043344,-1.79260267,-4.89983452,2.1855718,2945217130.738869,0.0903,14726085653.69,,2025-07-01T18:26:00.000Z,1027.0,Ethereum,ETH,ethereum,0x75231f58b43240c9718dd58b4967c5114342a86c,2025-07-02 00:02:29.214596,Large Cap ($1B–$10B)
22974,Bittensor,TAO,bittensor,184,2023-03-06T05:20:00.000Z,"['ai-big-data', 'distributed-computing', 'oracles', 'dao', 'polychain-capital-portfolio', 'dcg-portfolio', 'open-source', 'generative-ai', 'layer-1', 'depin', 'cmc-crypto-yearbook-2024-2025', 'binance-ecosystem', 'binance-listing', 'bittensor-ecosystem']",21000000.0,8909481.0,8909481.0,False,,33,,,,2025-07-01T18:26:00.000Z,322.3917283576638,109394868.35623668,-7.431,-0.83125222,-4.21500488,-7.45483759,-22.50457158,-14.0170373,41.53406377,2872342978.359767,0.088,6770226295.51,,2025-07-01T18:26:00.000Z,22974.0,Bittensor,TAO,bittensor,0,2025-07-02 00:02:29.214596,Large Cap ($1B–$10B)
8916,Internet Computer,ICP,internet-computer,340,2021-03-23T00:00:00.000Z,"['platform', 'ai-big-data', 'smart-contracts', 'polychain-capital-portfolio', 'electric-capital-portfolio', 'fenbushi-capital-portfolio', 'hashkey-capital-portfolio', 'a16z-portfolio', 'multicoin-capital-portfolio', 'exnetwork-capital-portfolio', 'icp-ecosystem', 'internet-computer-ecosystem', 'layer-1', 'alleged-sec-securities', 'depin', 'binance-ecosystem', 'binance-listing']",,534988212.39201,534988212.39201,True,,34,534989256.36,2516587246.5889006,,2025-07-01T18:26:00.000Z,4.703995859115836,48062697.46872725,-25.9231,-0.83373849,-4.4367046,-4.55171062,-4.70296766,-5.86081524,-12.00934678,2516582335.7677984,0.0772,2516582335.77,,2025-07-01T18:26:00.000Z,,,,,,2025-07-02 00:02:29.214596,Large Cap ($1B–$10B)
6535,NEAR Protocol,NEAR,near-protocol,523,2020-08-11T00:00:00.000Z,"['platform', 'ai-big-data', 'staking', 'coinbase-ventures-portfolio', 'three-arrows-capital-portfolio', 'arrington-xrp-capital-portfolio', 'coinfund-portfolio', 'electric-capital-portfolio', 'fabric-ventures-portfolio', 'kenetic-capital-portfolio', 'near-protocol-ecosystem', 'cross-chain', 'circle-ventures-portfolio', 'layer-1', 'alleged-sec-securities', 'modular-blockchain', 'account-abstraction', 'data-availability', 'cmc-crypto-yearbook-2024-2025', 'made-in-america', 'binance-ecosystem', 'binance-listing']",,1230398019.0,1258215719.0,False,,35,1209202633.0,2470245213.847142,,2025-07-01T18:25:00.000Z,2.04287118340003,120953047.2397453,-27.5247,-1.15325117,-4.14983797,-6.67434361,-15.50062617,-20.05395193,-22.46137523,2513544657.1275826,0.0771,2570372634.85,,2025-07-01T18:25:00.000Z,,,,,,2025-07-02 00:02:29.214596,Large Cap ($1B–$10B)
3635,Cronos,CRO,cronos,291,2018-12-14T00:00:00.000Z,"['medium-of-exchange', 'centralized-exchange', 'mobile', 'payments', 'layer-1']",100000000000.0,31108554761.146954,97543210869.0,False,,36,97393210558.0,7792594990.21724,,2025-07-01T18:26:00.000Z,0.08001168608746667,12328298.53015411,15.1518,-0.19047885,-0.62559357,-4.87338228,-23.56081715,-12.59564948,-22.98756837,2489047918.1836567,0.0764,8001168608.75,,2025-07-01T18:26:00.000Z,,,,,,2025-07-02 00:02:29.214596,Large Cap ($1B–$10B)
1321,Ethereum Classic,ETC,ethereum-classic,635,2016-07-24T00:00:00.000Z,"['mineable', 'pow', 'ethash', 'platform', 'smart-contracts', 'dcg-portfolio', 'layer-1', '2017-2018-alt-season', 'ethereum-classic-ecosystem', 'binance-ecosystem', 'binance-listing']",210700000.0,152536159.28083196,210700000.0,False,,37,,,,2025-07-01T18:25:00.000Z,16.06356568684809,54078751.5693439,-28.8217,-0.29846532,-3.33126838,-2.03000343,-5.18068911,-6.42633989,-4.48684935,2450274614.227167,0.0752,3384593290.22,,2025-07-01T18:25:00.000Z,,,,,,2025-07-02 00:02:29.214596,Large Cap ($1B–$10B)
21159,Ondo,ONDO,ondo-finance,317,2024-01-18T12:06:25.000Z,"['ethereum-ecosystem', 'real-world-assets', 'cmc-crypto-yearbook-2024-2025', 'made-in-america', 'world-liberty-financial-portfolio', 'binance-ecosystem', 'binance-listing']",,3159107529.0,10000000000.0,False,,38,1426647567.0,1056082191.3502023,1.67661033,2025-07-01T18:26:00.000Z,0.7402544368900903,90464542.49649179,-14.8485,-1.07670588,-4.05733729,-4.18086148,-10.70721194,-19.48206683,-12.06199156,2338543364.9551396,0.0717,7402544368.9,1394804341.06464,2025-07-01T18:26:00.000Z,1027.0,Ethereum,ETH,ethereum,0xfaba6f8e4a5e8ab82f62fe7c39859fa577269be3,2025-07-02 00:02:29.214596,Large Cap ($1B–$10B)
36148,World Liberty Financial USD,USD1,usd1,281,2025-04-13T05:37:56.000Z,"['stablecoin', 'usd-stablecoin', 'made-in-america', 'world-liberty-financial-portfolio', 'binance-ecosystem', 'binance-listing']",,2206586696.0,2206586696.0,False,,39,,,,2025-07-01T18:25:00.000Z,1.000163093794816,1394410833.5261915,-6.9106,-0.00525771,-0.00360353,-0.00852641,0.05252908,-0.01855148,-0.1392715,2206946576.5978413,0.0677,2206946576.6,,2025-07-01T18:25:00.000Z,1027.0,Ethereum,ETH,ethereum,0x8d0D000Ee44948FC98c9B98A4FA4921476f08B0d,2025-07-02 00:02:29.214596,Large Cap ($1B–$10B)
20396,Kaspa,KAS,kaspa,189,2022-06-01T00:03:58.000Z,"['mineable', 'dag', 'pow', 'store-of-value', 'polychain-capital-portfolio', 'layer-1', 'made-in-america', 'binance-ecosystem', 'binance-listing']",28704026601.0,26390019165.55258,26390019165.55258,False,,40,26389535003.34,1926030418.5049412,,2025-07-01T18:25:00.000Z,0.07298462887887841,78775573.2797337,2.9473,-1.01177763,-3.18503517,-1.99317615,-14.76424962,-26.38173262,9.26682209,1926065754.9043436,0.059,2094952728.8,,2025-07-01T18:25:00.000Z,,,,,,2025-07-02 00:02:29.214596,Large Cap ($1B–$10B)
4269,GateToken,GT,gatetoken,36,2019-08-20T00:00:00.000Z,"['marketplace', 'centralized-exchange', 'discount-token', 'ethereum-ecosystem', 'solana-ecosystem', 'ftx-bankruptcy-estate']",300000000.0,122910588.0,133600000.0,False,,41,,,,2025-07-01T18:25:00.000Z,15.347676486284605,4964839.30147629,-36.4702,-0.02738598,-0.37677453,-6.00112072,-20.34796623,-29.52195321,-32.92454893,1886391941.3630147,0.0578,4604302945.89,,2025-07-01T18:25:00.000Z,1027.0,Ethereum,ETH,ethereum,0xe66747a101bff2dba3697199dcce5b743b454759,2025-07-02 00:02:29.214596,Large Cap ($1B–$10B)
27075,Mantle,MNT,mantle,146,2023-07-17T11:00:31.000Z,"['ethereum-ecosystem', 'layer-2', 'dwf-labs-portfolio']",6219316795.0,3365794382.8368406,6219316794.99,False,,42,3365794382.84,1874190793.8186817,,2025-07-01T18:25:00.000Z,0.5568346074180774,232181046.81034723,56.3362,-0.68062846,-4.63203681,-9.35627799,-18.03344484,-24.52122839,-30.52340613,1874190793.8169224,0.0575,3463130825.95,,2025-07-01T18:25:00.000Z,1027.0,Ethereum,ETH,ethereum,0x3c3a81e81dc49a522a592e7622a7e711c06bf354,2025-07-02 00:02:29.214596,Large Cap ($1B–$10B)
28321,POL (prev. MATIC),POL,polygon-ecosystem-token,544,2023-10-30T14:43:57.000Z,"['ethereum-ecosystem', 'layer-2', 'polygon-ecosystem', 'binance-ecosystem', 'binance-listing']",,10458909885.585976,10458909885.585976,False,,43,62242397.94,11141904.48746744,,2025-07-01T18:25:00.000Z,0.17900827821909973,115704365.96568501,-3.3842,-1.85163374,-4.47160645,-1.222231,-16.3137591,-24.49350971,-8.62372272,1872231450.6674669,0.0574,1872231450.67,,2025-07-01T18:25:00.000Z,1027.0,Ethereum,ETH,ethereum,0x455e53cbb86018ac2b8092fdcd39d8444affc3f6,2025-07-02 00:02:29.214596,Large Cap ($1B–$10B)
3077,VeChain,VET,vechain,345,2017-08-22T00:00:00.000Z,"['logistics', 'data-provenance', 'iot', 'smart-contracts', 'fenbushi-capital-portfolio', 'real-world-assets', 'layer-1', 'binance-ecosystem', 'binance-listing']",86712634466.0,85985041177.0,85985041177.0,False,,44,85985041177.0,1750817507.5571303,,2025-07-01T18:25:00.000Z,0.020361884853355793,25579831.63852502,-13.9888,-1.04433949,-3.68852965,-4.85145702,-15.51777784,-25.79063766,-11.48424711,1750817507.5571303,0.0537,1765632678.33,,2025-07-01T18:25:00.000Z,,,,,,2025-07-02 00:02:29.214596,Large Cap ($1B–$10B)
35336,OFFICIAL TRUMP,TRUMP,official-trump,602,2025-01-18T04:19:35.000Z,"['memes', 'solana-ecosystem', 'political-memes', 'celebrity-memes', 'made-in-america', 'moonshot', 'binance-ecosystem', 'binance-listing']",999999993.45,199999346.855103,999999371.21911,False,,45,200000000.0,1717121069.1293514,,2025-07-01T18:25:00.000Z,8.585605345646757,250331500.74862945,24.1544,-0.79793213,-3.73102072,-6.93409834,-23.75805144,-33.32951742,-17.15598832,1717115461.485032,0.0527,8585605289.41,,2025-07-01T18:25:00.000Z,5426.0,Solana,SOL,solana,6p6xgHyF7AeE6TZkSmFsko444wqoP15icUSqi2jfGiPN,2025-07-02 00:02:29.214596,Large Cap ($1B–$10B)
33038,Sky,SKY,sky,28,2024-09-18T13:25:16.000Z,"['store-of-value', 'defi', 'dao', 'ethereum-ecosystem', 'polychain-capital-portfolio', 'governance', 'lending-borowing', 'dragonfly-capital-portfolio', 'electric-capital-portfolio', 'a16z-portfolio', '1confirmation-portfolio', 'placeholder-ventures-portfolio', 'pantera-capital-portfolio', 'paradigm-portfolio', 'near-protocol-ecosystem', 'arbitrum-ecosystem', 'spartan-group', 'bnb-chain-ecosystem', 'bitcoin-ecosystem', 'real-world-assets', 'standard-crypto-portfolio']",,21299846964.870502,23462665147.365967,False,,46,22399156399.0,1748102219.1455057,,2025-07-01T18:26:00.000Z,0.07804321680719854,5879888.55993124,-7.9874,-0.6704578,-4.28888381,-8.36802063,18.71185619,20.28312731,36.1246911,1662308574.6395385,0.051,1831101862.97,,2025-07-01T18:26:00.000Z,1027.0,Ethereum,ETH,ethereum,0x56072C95FAA701256059aa122697B133aDEd9279,2025-07-02 00:02:29.214596,Large Cap ($1B–$10B)
11841,Arbitrum,ARB,arbitrum,1153,2023-03-23T12:50:11.000Z,"['scaling', 'dao', 'dapp', 'ethereum-ecosystem', 'polychain-capital-portfolio', 'layer-2', 'rollups', 'pantera-capital-portfolio', 'arbitrum-ecosystem', 'osmosis-ecosystem', 'modular-blockchain', 'egirl-capital-portfolio', 'binance-ecosystem', 'binance-listing']",,4963238296.0,10000000000.0,False,,47,,,,2025-07-01T18:26:00.000Z,0.32470461537040446,337050987.893058,-60.1606,-0.76566023,-5.13216262,0.86409708,-3.72040225,-4.48998952,-0.88612018,1611586381.8943417,0.0494,3247046153.7,,2025-07-01T18:26:00.000Z,11841.0,Arbitrum,ARB,arbitrum,0x912CE59144191C1204E64559FE8253a0e49E6548,2025-07-02 00:02:29.214596,Large Cap ($1B–$10B)
5690,Render,RENDER,render,571,2020-06-11T00:00:00.000Z,"['art', 'media', 'vr-ar', 'ai-big-data', 'distributed-computing', 'collectibles-nfts', 'defi', 'gaming', 'scaling', 'video', 'ethereum-ecosystem', 'solana-ecosystem', 'metaverse', 'alameda-research-portfolio', 'multicoin-capital-portfolio', 'polygon-ecosystem', 'web3', 'generative-ai', 'depin', 'cmc-crypto-yearbook-2024-2025', 'made-in-america', 'binance-ecosystem', 'binance-listing']",644168762.0,518128769.05628264,532888942.3362826,False,,48,544852871.0,1663244823.3106108,,2025-07-01T18:26:00.000Z,3.0526494616022877,51068709.0874223,-34.2598,-1.06517721,-5.38970548,-5.42261851,-21.55848486,-36.95454395,-16.8591495,1581665507.9003172,0.0485,1966421424.5,,2025-07-01T18:26:00.000Z,1027.0,Ethereum,ETH,ethereum,0x6de037ef9ad2725eb40118bb1702ebb27e4aeb24,2025-07-02 00:02:29.214596,Large Cap ($1B–$10B)
3773,Artificial Superintelligence Alliance,FET,artificial-superintelligence-alliance,476,2019-03-02T00:00:00.000Z,"['cosmos-ecosystem', 'ai-big-data', 'collectibles-nfts', 'iot', 'ethereum-ecosystem', 'binance-launchpad', 'web3', 'injective-ecosystem', 'osmosis-ecosystem', 'generative-ai', 'dwf-labs-portfolio', 'ai-agents', 'binance-ecosystem', 'binance-listing']",2719493897.0,2393596214.5895467,2714493896.672,False,,49,2389296911.0,1565697775.7334964,,2025-07-01T18:25:00.000Z,0.6552964466346712,88722199.43489371,-19.9199,-1.02152807,-3.31135268,-2.4360371,-13.11794121,-8.68961442,41.7391541,1568515094.0987298,0.0481,1782074687.35,,2025-07-01T18:25:00.000Z,,,,,,2025-07-02 00:02:29.214596,Large Cap ($1B–$10B)
23149,Sei,SEI,sei,277,2023-08-14T07:35:00.000Z,"['coinbase-ventures-portfolio', 'multicoin-capital-portfolio', 'layer-1', 'jump-crypto', 'sei-ecosystem', 'parallel-evm', 'made-in-america', 'world-liberty-financial-portfolio', 'binance-ecosystem', 'binance-listing']",,5556944444.0,10000000000.0,False,,50,,,,2025-07-01T18:26:00.000Z,0.27890571011991466,265217584.68172345,-23.8185,-0.44519708,-3.03768405,-0.82340179,43.80457798,26.30766045,60.46797005,1549863536.2507343,0.0475,2789057101.2,,2025-07-01T18:26:00.000Z,,,,,,2025-07-02 00:02:29.214596,Large Cap ($1B–$10B)
3794,Cosmos,ATOM,cosmos,885,2019-03-14T00:00:00.000Z,"['platform', 'cosmos-ecosystem', 'communications-social-media', 'content-creation', 'defi', 'interoperability', 'ethereum-ecosystem', 'polychain-capital-portfolio', 'dragonfly-capital-portfolio', 'hashkey-capital-portfolio', '1confirmation-portfolio', 'paradigm-portfolio', 'exnetwork-capital-portfolio', 'polygon-ecosystem', 'cronos-ecosystem', 'injective-ecosystem', 'canto-ecosystem', 'osmosis-ecosystem', 'alleged-sec-securities', 'binance-ecosystem', 'binance-listing']",,390934204.0,390934204.0,True,,51,,,,2025-07-01T18:26:00.000Z,3.9609459032621177,69607349.32697068,-21.0723,-0.49745377,-3.51991636,-2.45448139,-8.32129272,-10.62098313,-11.46017915,1548469233.778837,0.0475,1548469233.78,,2025-07-01T18:26:00.000Z,,,,,,2025-07-02 00:02:29.214596,Large Cap ($1B–$10B)
30171,Ethena,ENA,ethena,293,2024-03-29T04:42:08.000Z,"['defi', 'ethereum-ecosystem', 'binance-labs-portfolio', 'okx-ventures-portfolio', 'cmc-crypto-yearbook-2024-2025', 'world-liberty-financial-portfolio', 'binance-ecosystem', 'binance-listing']",15000000000.0,6087500000.0,15000000000.0,False,,52,1479139274.0,374441669.7271647,0.28234368,2025-07-01T18:25:00.000Z,0.253148352091667,110105804.67259479,-35.5548,-0.7647728,-5.71592918,-4.96213359,-18.27654164,-18.56106487,-29.76844606,1541040593.3580227,0.0473,3797225281.38,5458031190.147409,2025-07-01T18:25:00.000Z,1027.0,Ethereum,ETH,ethereum,0x57e114B691Db790C35207b2e685D4A43181e6061,2025-07-02 00:02:29.214596,Large Cap ($1B–$10B)
2280,Filecoin,FIL,filecoin,608,2017-12-13T00:00:00.000Z,"['mineable', 'ai-big-data', 'distributed-computing', 'filesharing', 'storage', 'polychain-capital-portfolio', 'blockchain-capital-portfolio', 'boostvc-portfolio', 'dcg-portfolio', 'hashkey-capital-portfolio', 'a16z-portfolio', 'winklevoss-capital-portfolio', 'pantera-capital-portfolio', 'web3', 'filecoin-ecosystem', 'layer-1', 'alleged-sec-securities', 'depin', '2017-2018-alt-season', 'made-in-america', 'binance-ecosystem', 'binance-listing']",,679488868.0,1959299117.0,False,,53,,,,2025-07-01T18:25:00.000Z,2.2128705635183556,132950692.11946867,-25.2404,-1.11923865,-3.81556622,-3.93251017,-13.25270607,-21.50463754,-21.93085191,1503620914.2356095,0.0461,4335675341.14,,2025-07-01T18:25:00.000Z,,,,,,2025-07-02 00:02:29.214596,Large Cap ($1B–$10B)
4030,Algorand,ALGO,algorand,511,2019-06-20T00:00:00.000Z,"['pos', 'platform', 'research', 'smart-contracts', 'algorand-ecosystem', 'arrington-xrp-capital-portfolio', 'kenetic-capital-portfolio', 'usv-portfolio', 'multicoin-capital-portfolio', 'exnetwork-capital-portfolio', 'real-world-assets', 'layer-1', 'dwf-labs-portfolio', 'alleged-sec-securities', 'made-in-america', 'binance-ecosystem', 'binance-listing']",10000000000.0,8635930524.215466,10000000000.0,False,,54,8635912496.46,1487154828.2511864,,2025-07-01T18:26:00.000Z,0.17220587041158597,126827322.40646917,138.953,-3.09491289,-5.03576472,-4.60286529,-11.47651651,-20.64885608,-9.42770493,1487157932.7365081,0.0456,1722058704.12,,2025-07-01T18:26:00.000Z,,,,,,2025-07-02 00:02:29.214596,Large Cap ($1B–$10B)
26081,First Digital USD,FDUSD,first-digital-usd,548,2023-07-26T04:26:40.000Z,"['stablecoin', 'binance-smart-chain', 'usd-stablecoin', 'fiat-stablecoin', 'binance-ecosystem', 'binance-listing']",,1470583738.700668,1470583738.700668,False,,55,1470583738.7,1467919426.137313,,2025-07-01T18:26:00.000Z,0.9981882619176502,4852424582.738715,27.132,0.01433433,-0.01254961,-0.06883274,-0.04095986,-0.07468867,1.89033151,1467919426.1379797,0.045,1467919426.14,,2025-07-01T18:26:00.000Z,1027.0,Ethereum,ETH,ethereum,0xc5f0f7b66764F6ec8C8Dff7BA683102295E16409,2025-07-02 00:02:29.214596,Large Cap ($1B–$10B)
13502,Worldcoin,WLD,worldcoin-org,436,2021-10-28T15:31:43.000Z,"['defi', 'privacy', 'zero-knowledge-proofs', 'identity', 'ethereum-ecosystem', 'governance', 'blockchain-capital-portfolio', 'a16z-portfolio', 'token', 'optimism-ecosystem', 'world-chain-mainnet-ecosystem', 'made-in-america', 'binance-ecosystem', 'binance-listing']",,1687035515.7812686,10000000000.0,False,,56,1687035515.78,1441724237.613394,,2025-07-01T18:25:00.000Z,0.8545903296806491,115330998.91817136,-29.2607,-0.99526226,-5.23215613,-6.67531585,-24.8153511,-16.66556969,9.9827529,1441724237.614478,0.0442,8545903296.81,,2025-07-01T18:25:00.000Z,1027.0,Ethereum,ETH,ethereum,0x163f8c2467924be0ae7b5347228cabf260318753,2025-07-02 00:02:29.214596,Large Cap ($1B–$10B)
2087,KuCoin Token,KCS,kucoin-token,61,2017-10-24T00:00:00.000Z,"['marketplace', 'centralized-exchange', 'discount-token', 'ethereum-ecosystem']",200000000.0,127467221.78199917,142467221.78199917,False,,57,,,,2025-07-01T18:26:00.000Z,11.067512981000426,1508804.78792443,-69.6145,0.10110476,-0.90598204,0.25175151,-2.32704072,2.44885851,1.90257058,1410745131.7243361,0.0433,2213502596.2,,2025-07-01T18:26:00.000Z,1027.0,Ethereum,ETH,ethereum,0xf34960d9d60be18cc1d5afc1a6f012a723a28811,2025-07-02 00:02:29.214596,Large Cap ($1B–$10B)
29210,Jupiter,JUP,jupiter-ag,710,2024-01-31T08:38:13.000Z,"['decentralized-exchange-dex-token', 'defi', 'derivatives', 'amm', 'solana-ecosystem', 'cross-chain', 'moonshot', 'binance-ecosystem', 'binance-listing']",7000000000.0,3004799999.98,6999215448.133845,False,,58,2951327777.76,1270189264.7042644,,2025-07-01T18:26:00.000Z,0.4303789210659323,55523420.857393,-28.9192,-0.91627137,-7.00545813,4.47191736,-18.12175736,-7.04903113,5.559807,1293202582.0103056,0.0396,3012652447.46,,2025-07-01T18:26:00.000Z,5426.0,Solana,SOL,solana,JUPyiwrYJFskUPiHa7hkeR8VUtAeFoSYbKedZNsDvCN,2025-07-02 00:02:29.214596,Large Cap ($1B–$10B)
3155,Quant,QNT,quant,320,2018-08-10T00:00:00.000Z,"['platform', 'defi', 'interoperability', 'ethereum-ecosystem', 'real-world-assets', 'binance-ecosystem', 'binance-listing']",14881364.0,12072738.0,14881364.0,False,,59,,,,2025-07-01T18:25:00.000Z,103.71759374008789,12439291.03016734,-15.0084,-0.27072365,-3.5055218,3.38283368,-3.60659966,24.72626197,50.25887451,1252155335.2145212,0.0384,1543459265.65,,2025-07-01T18:25:00.000Z,1027.0,Ethereum,ETH,ethereum,0x4a220e6096b25eadb88358cb44068a3248254675,2025-07-02 00:02:29.214596,Large Cap ($1B–$10B)
7950,Flare,FLR,flare,93,2020-12-11T00:00:00.000Z,"['layer-1', 'dwf-labs-portfolio']",,67529008884.3201,103651724525.84407,False,,60,67529008884.32,1155098811.0369866,,2025-07-01T18:25:00.000Z,0.017105223815970984,6208656.07885084,48.5954,0.19298983,-1.06242119,0.05445229,-7.11344412,-2.19865791,29.52010985,1155098811.0369883,0.0354,1772985946.93,,2025-07-01T18:25:00.000Z,,,,,,2025-07-02 00:02:29.214596,Large Cap ($1B–$10B)
23635,Four,FORM,binaryx-new,167,2023-02-22T12:30:00.000Z,"['gaming', 'binance-chain', 'bnb-chain-ecosystem', 'binance-ecosystem', 'binance-listing']",580000000.0,381867255.144574,572301922.0959299,False,,61,381867255.14,1122365256.67715,,2025-07-01T18:26:00.000Z,2.939150297832342,12316177.0124271,5.2257,-0.0377996,0.34543503,8.84662604,4.29462375,38.26766843,32.86811583,1122365256.6905935,0.0344,1704707172.74,,2025-07-01T18:26:00.000Z,1839.0,BNB Smart Chain (BEP20),BNB,bnb,0x5b73A93b4E5e4f1FD27D8b3F8C97D69908b5E284,2025-07-02 00:02:29.214596,Large Cap ($1B–$10B)
23095,Bonk,BONK,bonk1,711,2022-12-30T06:58:50.000Z,"['memes', 'ethereum-ecosystem', 'solana-ecosystem', 'polygon-ecosystem', 'doggone-doggerel', 'arbitrum-ecosystem', 'injective-ecosystem', 'aptos-ecosystem', 'sui-ecosystem', 'dwf-labs-portfolio', 'base-ecosystem', 'cmc-crypto-awards-2024', 'move-vm', 'animal-memes', 'made-in-america', 'binance-ecosystem', 'binance-listing']",88872433754423.19,80315953435206.06,88796023463854.48,False,,62,80315953504698.92,1094497395.624619,,2025-07-01T18:25:00.000Z,1.362739714670243e-05,128087566.99707621,-34.6164,-1.12465152,-6.85581085,-2.85215361,-17.41708647,-27.43779817,13.11492158,1094497394.6776123,0.0336,1211099950.17,,2025-07-01T18:25:00.000Z,1027.0,Ethereum,ETH,ethereum,0x1151CB3d861920e07a38e03eEAd12C32178567F6,2025-07-02 00:02:29.214596,Large Cap ($1B–$10B)
33597,Fartcoin,FARTCOIN,fartcoin,445,2024-10-23T17:42:55.000Z,"['memes', 'solana-ecosystem', 'ai-memes', 'pump-fun-ecosystem', 'terminal-of-truths', 'binance-alpha', 'binance-ecosystem', 'binance-listing']",1000000000.0,999998256.0,1000000000.0,False,,63,1000000000.0,1061385687.367262,,2025-07-01T18:26:00.000Z,1.061385687367262,163189274.240892,-0.3864,-2.90321824,-7.31397613,3.52101712,-5.19156686,-11.44960026,106.83091842,1061383836.3106233,0.0325,1061385687.37,,2025-07-01T18:26:00.000Z,5426.0,Solana,SOL,solana,9BB6NFEcjBCtnNLFko2FqVQBq8HHM13kCyYcdQbgpump,2025-07-02 00:02:29.214596,Large Cap ($1B–$10B)
28081,SPX6900,SPX,spx6900,398,2023-08-17T10:00:00.000Z,"['memes', 'ethereum-ecosystem', 'solana-ecosystem', 'base-ecosystem', 'binance-alpha', 'binance-ecosystem', 'binance-listing']",1000000000.0,930993090.07,930993090.07,False,,64,930993090.07,1044072919.4833511,,2025-07-01T18:26:00.000Z,1.1214615131083827,44860297.08800413,-24.3282,-1.38772199,-11.58090676,-15.23525177,12.87134878,95.43829995,116.15780455,1044072919.4833511,0.032,1121461513.11,,2025-07-01T18:26:00.000Z,1027.0,Ethereum,ETH,ethereum,0xe0f63a424a4439cbe457d80e4f4b51ad25b2c56c,2025-07-02 00:02:29.214596,Large Cap ($1B–$10B)
7226,Injective,INJ,injective,487,2020-09-29T00:00:00.000Z,"['pos', 'platform', 'ai-big-data', 'smart-contracts', 'cosmos', 'binance-smart-chain', 'binance-launchpad', 'binance-labs-portfolio', 'cms-holdings-portfolio', 'pantera-capital-portfolio', 'web3', 'injective-ecosystem', 'real-world-assets', 'layer-1', 'made-in-america', 'binance-ecosystem', 'binance-listing']",,99970935.41,100000000.0,False,,65,,,,2025-07-01T18:25:00.000Z,10.327674141808625,78894874.2574536,-13.6247,-0.94266492,-5.01895519,-11.53156196,-13.18264706,0.39145179,17.1400323,1032467244.5662773,0.0316,1032767414.18,,2025-07-01T18:25:00.000Z,1027.0,Ethereum,ETH,ethereum,0xe28b3b32b6c345a34ff64674606124dd5aceca30,2025-07-02 00:02:29.214596,Large Cap ($1B–$10B)
4847,Stacks,STX,stacks,246,2019-10-28T00:00:00.000Z,"['mineable', 'platform', 'collectibles-nfts', 'gaming', 'smart-contracts', 'layer-2', 'metaverse', 'arrington-xrp-capital-portfolio', 'blockchain-capital-portfolio', 'dcg-portfolio', 'fabric-ventures-portfolio', 'hashkey-capital-portfolio', 'huobi-capital-portfolio', 'usv-portfolio', 'web3', 'injective-ecosystem', 'bitcoin-ecosystem', 'made-in-america', 'binance-ecosystem', 'binance-listing']",1818000000.0,1532491652.50095,1532491652.50095,False,,66,1048765672.09,669003485.0360225,,2025-07-01T18:26:00.000Z,0.6378960551815352,28559513.70703917,3.6689,-0.65714796,-3.23626549,-4.02066108,-13.29245542,-22.43014818,3.39788675,977570379.7289882,0.03,1159695028.32,,2025-07-01T18:26:00.000Z,,,,,,2025-07-02 00:02:29.214596,Mid Cap ($100M–$1B)
32880,Kaia,KAIA,kaia,154,2024-10-29T05:17:50.000Z,"['platform', 'enterprise-solutions', 'layer-1', 'klaytn-ecosystem', 'binance-ecosystem', 'binance-listing']",,6057151879.007693,6057151879.007693,True,,67,6057072759.63,959290274.6503059,,2025-07-01T18:26:00.000Z,0.15837522722921768,82070196.37309697,49.3633,-0.83247657,-1.00964689,-23.86582753,49.9988272,28.31201717,45.02407499,959302805.1997262,0.0294,959302805.2,,2025-07-01T18:26:00.000Z,32880.0,KAIA,KAIA,kaia,0x0000000000000000000000000000000000000000,2025-07-02 00:02:29.214596,Mid Cap ($100M–$1B)
2634,XDC Network,XDC,xdc-network,145,2018-04-12T00:00:00.000Z,"['pos', 'enterprise-solutions', 'masternodes', 'smart-contracts', 'xdc-ecosystem', 'real-world-assets', 'layer-1']",,16222453442.2,38002638708.15,False,,68,16222448713.6,947099118.2089564,,2025-07-01T18:26:00.000Z,0.05838200723759793,24078436.51254886,0.6872,-0.10694038,0.05328836,-2.52512836,-4.96706293,-24.74025644,-14.23362314,947099394.2741158,0.0291,2218670328.11,,2025-07-01T18:26:00.000Z,,,,,,2025-07-02 00:02:29.214596,Mid Cap ($100M–$1B)
29420,Virtuals Protocol,VIRTUAL,virtual-protocol,585,2024-02-15T07:33:29.000Z,"['ai-big-data', 'gaming', 'ethereum-ecosystem', 'solana-ecosystem', 'metaverse', 'generative-ai', 'base-ecosystem', 'ai-agents', 'virtuals-protocol-ecosystem', 'ai-agent-launchpad', 'binance-ecosystem', 'binance-listing']",1000000000.0,654917543.3078747,1000000000.0,False,,69,1000000000.0,1437141147.6527178,,2025-07-01T18:25:00.000Z,1.4371411476527178,162094658.54915917,-11.7216,-1.074524,-4.61983783,-11.35575113,-29.8318393,-22.67221578,141.32012944,941208949.8073776,0.0289,1437141147.65,,2025-07-01T18:25:00.000Z,1027.0,Ethereum,ETH,ethereum,0x44ff8620b8cA30902395A7bD3F2407e1A091BF73,2025-07-02 00:02:29.214596,Mid Cap ($100M–$1B)
22861,Celestia,TIA,celestia,289,2023-10-31T16:51:41.000Z,"['platform', 'cosmos-ecosystem', 'layer-1', 'modular-blockchain', 'egirl-capital-portfolio', 'data-availability', 'cmc-crypto-awards-2024', 'binance-ecosystem', 'binance-listing']",,692974203.667085,1131982027.396875,False,,70,141043527.75,191570789.4065804,,2025-07-01T18:26:00.000Z,1.3582387824710402,80118852.55533934,-30.0757,-1.07984374,-3.58076847,-15.36165375,-37.89487535,-47.80764293,-56.70236429,941224438.6726203,0.0289,1537501890.67,,2025-07-01T18:26:00.000Z,12220.0,Osmosis,OSMO,osmosis,ibc/D79E7D83AB399BFFF93433E54FAA480C191248FC556924A2A8351AE2638B3877,2025-07-02 00:02:29.214596,Mid Cap ($100M–$1B)
11840,Optimism,OP,optimism-ethereum,680,2022-05-31T16:19:46.000Z,"['layer-2', 'optimism-ecosystem', 'made-in-america', 'binance-ecosystem', 'binance-listing']",4294967296.0,1752186819.0,4294967296.0,False,,71,,,,2025-07-01T18:26:00.000Z,0.5346291769325388,123521410.77885115,-48.9966,-0.78312477,-6.2848436,-4.11359009,-16.12798348,-25.21918262,-27.32269267,936770196.8740133,0.0287,2296214830.41,,2025-07-01T18:26:00.000Z,11840.0,Optimism,OP,optimism-ethereum,0x4200000000000000000000000000000000000042,2025-07-02 00:02:29.214596,Mid Cap ($100M–$1B)
4705,PAX Gold,PAXG,pax-gold,261,2019-09-26T00:00:00.000Z,"['ethereum-ecosystem', 'solana-ecosystem', 'tokenized-gold', 'binance-ecosystem', 'binance-listing', 'tokenized-assets', 'tokenized-commodities']",,278583.378,278583.378,True,,72,271181.0,906703855.3647664,,2025-07-01T18:26:00.000Z,3343.5375463796004,76454259.90285453,-1.9261,-0.02709522,1.08772191,0.10535474,1.1666547,2.94071994,6.62274757,931453984.1402608,0.0286,931453984.14,,2025-07-01T18:26:00.000Z,1027.0,Ethereum,ETH,ethereum,0x45804880de22913dafe09f4980848ece6ecbaf78,2025-07-02 00:02:29.214596,Mid Cap ($100M–$1B)
34466,Pudgy Penguins,PENGU,pudgy-penguins,350,2024-12-17T14:00:00.000Z,"['collectibles-nfts', 'memes', 'solana-ecosystem', 'animal-memes', 'ip-memes', 'made-in-america', 'binance-hodler-airdrops', 'binance-ecosystem', 'binance-listing']",,62860396090.04,88888888888.0,False,,73,62860396090.0,919069801.6382915,,2025-07-01T18:25:00.000Z,0.014620808311841031,528578192.6750748,-6.8951,-0.06600342,3.01627837,51.01406925,39.07997134,18.7167029,188.03522249,919069801.6388763,0.0282,1299627405.48,,2025-07-01T18:25:00.000Z,5426.0,Solana,SOL,solana,2zMMhcVQEXDtdE6vsFS7S7D5oUodfJHE8vd1gnBouauv,2025-07-02 00:02:29.214596,Mid Cap ($100M–$1B)
27772,PayPal USD,PYUSD,paypal-usd,119,2023-08-21T14:30:00.000Z,"['stablecoin', 'asset-backed-stablecoin', 'usd-stablecoin', 'fiat-stablecoin']",,913938019.308344,913938019.308344,False,,74,,,,2025-07-01T18:26:00.000Z,0.9995594769914568,6906855.83385917,-25.5507,0.01517294,-0.00165736,0.02451699,0.0339761,-0.0178834,0.00085872,913535408.5824562,0.028,913535408.58,,2025-07-01T18:26:00.000Z,1027.0,Ethereum,ETH,ethereum,0x6c3ea9036406852006290770bedfcaba0e23a0e8,2025-07-02 00:02:29.214596,Mid Cap ($100M–$1B)
32684,Sonic,S,sonic,223,2025-01-03T14:11:26.000Z,"['staking', 'galaxy-digital-portfolio', 'layer-1', 'sonic-ecosystem', 'binance-ecosystem', 'binance-listing']",,2880000000.0,3222625000.0,True,,75,3222625000.0,967643624.3517814,,2025-07-01T18:25:00.000Z,0.30026566055677634,57054003.30489219,-31.5649,-0.3476002,-5.11356924,-10.63192189,-23.58468821,-47.37520342,-40.41464437,864765102.4035158,0.0265,967643624.35,,2025-07-01T18:25:00.000Z,,,,,,2025-07-02 00:02:29.214596,Mid Cap ($100M–$1B)
5176,Tether Gold,XAUt,tether-gold,161,2020-02-07T00:00:00.000Z,"['ethereum-ecosystem', 'tokenized-gold', 'tokenized-assets', 'tokenized-commodities']",,246524.0,246524.0,False,,76,48450.0,161634600.4356637,1.00712056,2025-07-01T18:25:00.000Z,3336.111464100386,27693525.89734227,15.4699,0.02036184,1.13724916,0.43853107,1.29764102,2.77408048,6.01938546,822431542.5758835,0.0252,822431542.58,816616773.6116,2025-07-01T18:25:00.000Z,1027.0,Ethereum,ETH,ethereum,0x68749665FF8D2d112Fa859AA293F07A622782F38,2025-07-02 00:02:29.214596,Mid Cap ($100M–$1B)
35626,Story,IP,story-protocol,111,2025-02-06T07:02:40.000Z,"['ai-big-data', 'smart-contracts', 'layer-1', 'made-in-america', 'binance-ecosystem', 'binance-listing']",,286026872.0,1008218539.0,True,,77,250000000.0,717994494.4287609,,2025-07-01T18:26:00.000Z,2.8719779777150434,17197455.46308885,-30.9965,-2.01724555,-1.47320944,-4.60179954,-30.50689847,-29.13199695,-36.29196759,821462877.4187195,0.0252,2895581440.73,,2025-07-01T18:26:00.000Z,,,,,,2025-07-02 00:02:29.214596,Mid Cap ($100M–$1B)
28752,dogwifhat,WIF,dogwifhat,703,2023-12-19T09:08:50.000Z,"['memes', 'solana-ecosystem', 'doggone-doggerel', 'animal-memes', 'cmc-crypto-yearbook-2024-2025', 'binance-ecosystem', 'binance-listing']",998840592.989347,998840236.3192,998840236.3192,False,,78,,,,2025-07-01T18:25:00.000Z,0.7921745470573257,273130079.35355043,-22.4856,-1.49658816,-9.0347995,-7.02417026,-7.30900392,23.43389337,92.262246,791255811.7887945,0.0243,791256094.33,,2025-07-01T18:25:00.000Z,5426.0,Solana,SOL,solana,EKpQGSJtjMFqKZ9KQanSqYXRcF8fBopzLHYxdM65zcjm,2025-07-02 00:02:29.214596,Mid Cap ($100M–$1B)
6719,The Graph,GRT,the-graph,563,2020-12-17T00:00:00.000Z,"['ai-big-data', 'enterprise-solutions', 'defi', 'ethereum-ecosystem', 'coinbase-ventures-portfolio', 'avalanche-ecosystem', 'solana-ecosystem', 'analytics', 'coinfund-portfolio', 'dcg-portfolio', 'fabric-ventures-portfolio', 'framework-ventures-portfolio', 'ledgerprime-portfolio', 'multicoin-capital-portfolio', 'parafi-capital', 'polygon-ecosystem', 'fantom-ecosystem', 'web3', 'near-protocol-ecosystem', 'arbitrum-ecosystem', 'spartan-group', 'injective-ecosystem', 'sora-ecosystem', 'made-in-america', 'binance-ecosystem', 'binance-listing']",,9875210669.585089,10800262823.318213,False,,79,,,,2025-07-01T18:25:00.000Z,0.07958415831262482,28436168.01839507,-8.2676,-1.05287195,-6.55598368,-4.20290361,-16.58167573,-19.80446002,-8.97535694,785910329.2987814,0.0241,859529826.35,,2025-07-01T18:25:00.000Z,1027.0,Ethereum,ETH,ethereum,0xc944e90c64b2c07662a292be6244bdf05cda44a7,2025-07-02 00:02:29.214596,Mid Cap ($100M–$1B)
10603,Immutable,IMX,immutable-x,374,2021-06-24T00:00:00.000Z,"['collectibles-nfts', 'privacy', 'zero-knowledge-proofs', 'gaming', 'scaling', 'ethereum-ecosystem', 'layer-2', 'rollups', 'arrington-xrp-capital-portfolio', 'alameda-research-portfolio', 'modular-blockchain', 'binance-ecosystem', 'binance-listing']",2000000000.0,1866386427.3898141,2000000000.0,False,,80,570354831.0,239832294.5943182,,2025-07-01T18:26:00.000Z,0.4204966479793317,26475421.32497207,-61.0908,-0.83875508,-5.73806233,-0.06210628,-23.45429547,-34.88894855,-18.36966222,784809236.5515372,0.0241,840993295.96,,2025-07-01T18:26:00.000Z,1027.0,Ethereum,ETH,ethereum,0xf57e7e7c23978c3caec3c3548e3d615c346e79ff,2025-07-02 00:02:29.214596,Mid Cap ($100M–$1B)
2694,Nexo,NEXO,nexo,159,2018-05-01T00:00:00.000Z,"['services', 'payments', 'ethereum-ecosystem', 'polygon-ecosystem', 'cardano-ecosystem', 'alleged-sec-securities', 'binance-ecosystem', 'binance-listing']",1000000000.0,646145839.5746847,1000000000.0,False,,81,1000000000.0,1206213346.7461562,1.64664442,2025-07-01T18:25:00.000Z,1.2062133467461562,10647031.27243183,34.2032,-0.16676858,-0.68057865,0.6803071,-1.88204119,-3.52492909,10.74814448,779389735.6394855,0.0239,1206213346.75,473320000.53218,2025-07-01T18:25:00.000Z,1027.0,Ethereum,ETH,ethereum,0xb62132e35a6c13ee1ee0f84dc5d40bad8d815206,2025-07-02 00:02:29.214596,Mid Cap ($100M–$1B)
36462,Vaulta,A,vaulta,147,2025-05-28T09:48:03.000Z,"['medium-of-exchange', 'enterprise-solutions', 'defi', 'smart-contracts', 'eos-ecosystem', 'fenbushi-capital-portfolio', 'galaxy-digital-portfolio', 'dwf-labs-portfolio', '2017-2018-alt-season', 'made-in-america', 'binance-ecosystem', 'binance-listing']",2100000000.0,1575155627.4938,2100000000.0,False,,82,1562570047.65,741664972.7081033,,2025-07-01T18:25:00.000Z,0.47464430399361446,31061215.40676514,10.5041,-1.14057609,-3.90496052,-6.15213769,-27.39527415,-38.74536061,-38.74536061,747638646.4934198,0.0229,996753038.39,,2025-07-01T18:25:00.000Z,,,,,,2025-07-02 00:02:29.214596,Mid Cap ($100M–$1B)
28541,Jito,JTO,jito,313,2023-12-07T16:04:41.000Z,"['defi', 'staking', 'dao', 'solana-ecosystem', 'liquid-staking-derivatives', 'cmc-crypto-yearbook-2024-2025', 'binance-ecosystem', 'binance-listing']",,343082482.2,999999709.5136558,False,,83,273926155.0,575496873.5501764,,2025-07-01T18:26:00.000Z,2.100919766315036,67555528.2161477,-38.0801,-0.88783444,-11.19848261,-0.32415509,24.92984736,16.2714942,-8.2492604,720788768.3304065,0.0221,2100919156.03,,2025-07-01T18:26:00.000Z,5426.0,Solana,SOL,solana,jtojtomepa8beP8AuQc6eXt5FriJwfFMwQx2v2f9mCL,2025-07-02 00:02:29.214596,Mid Cap ($100M–$1B)
7186,PancakeSwap,CAKE,pancakeswap,1694,2020-09-25T00:00:00.000Z,"['collectibles-nfts', 'decentralized-exchange-dex-token', 'defi', 'privacy', 'smart-contracts', 'ethereum-ecosystem', 'yield-farming', 'amm', 'dex', 'governance', 'arbitrum-ecosystem', 'bnb-chain-ecosystem', 'aptos-ecosystem', 'zksync-era-ecosystem', 'base-ecosystem', 'linea-ecosystem', 'move-vm', 'polygon-zkevm-ecosystem', 'opbnb-ecosystem', 'binance-ecosystem', 'binance-listing']",450000000.0,320595895.1912498,366929874.1053557,False,,84,,,0.40734243,2025-07-01T18:26:00.000Z,2.245184845379237,52270219.26081429,-14.2528,-0.38625297,-4.09023603,2.43899829,-4.89253214,9.51322777,18.51823639,719797045.3741843,0.0221,1010333180.42,1767056402.6285303,2025-07-01T18:26:00.000Z,1027.0,Ethereum,ETH,ethereum,0x152649eA73beAb28c5b49B26eb48f7EAD6d4c898,2025-07-02 00:02:29.214596,Mid Cap ($100M–$1B)
6538,Curve DAO Token,CRV,curve-dao-token,863,2020-08-14T00:00:00.000Z,"['decentralized-exchange-dex-token', 'defi', 'dao', 'ethereum-ecosystem', 'yield-farming', 'amm', 'governance', 'framework-ventures-portfolio', 'alameda-research-portfolio', 'polygon-ecosystem', 'fantom-ecosystem', 'arbitrum-ecosystem', 'optimism-ecosystem', 'dwf-labs-portfolio', 'base-ecosystem', 'gnosis-chain-ecosystem', 'binance-ecosystem', 'binance-listing']",3030303030.299,1359341115.5264883,2278061919.6376514,False,,85,,,,2025-07-01T18:26:00.000Z,0.4999387087159979,112671204.99595992,-1.6267,-1.19144333,-2.6469491,-12.09795718,-25.36971407,-32.06654906,-4.15629099,679587242.0008767,0.0208,1514965783.99,,2025-07-01T18:26:00.000Z,1027.0,Ethereum,ETH,ethereum,0xD533a949740bb3306d119CC777fa900bA034cd52,2025-07-02 00:02:29.214596,Mid Cap ($100M–$1B)
10804,FLOKI,FLOKI,floki-inu,647,2021-07-09T00:00:00.000Z,"['defi', 'gaming', 'memes', 'ethereum-ecosystem', 'metaverse', 'doggone-doggerel', 'play-to-earn', 'bnb-chain-ecosystem', 'dwf-labs-portfolio', 'paal-ecosystem', 'tokenfi-launchpad', 'animal-memes', 'binance-ecosystem', 'binance-listing']",,9624117971196.068,9660260916718.47,False,,86,9317621738535.4,656614669.1773058,,2025-07-01T18:25:00.000Z,7.047020018656782e-05,48072039.70167068,-33.6995,-0.73276216,-6.6419778,-3.87997506,-16.894699,-18.1244461,20.62829098,678213520.0493319,0.0208,680760520.66,,2025-07-01T18:25:00.000Z,1027.0,Ethereum,ETH,ethereum,0xcf0c122c6b73ff809c693db761e7baebe62b6a2e,2025-07-02 00:02:29.214596,Mid Cap ($100M–$1B)
13855,Ethereum Name Service,ENS,ethereum-name-service,417,2021-11-09T01:31:29.000Z,"['dao', 'ethereum-ecosystem', 'governance', 'solana-ecosystem', 'web3', 'binance-ecosystem', 'binance-listing']",,36481773.16184348,100000000.0,False,,87,,,,2025-07-01T18:26:00.000Z,18.07229191280862,36433474.97245347,-21.726,-0.46293823,-4.67235642,-4.21235616,-13.28497162,-4.90391374,11.73798202,659309254.0777024,0.0202,1807229191.28,,2025-07-01T18:26:00.000Z,1027.0,Ethereum,ETH,ethereum,0xC18360217D8F7Ab5e7c516566761Ea12Ce7F9D72,2025-07-02 00:02:29.214596,Mid Cap ($100M–$1B)
2416,Theta Network,THETA,theta-network,248,2018-01-17T00:00:00.000Z,"['media', 'vr-ar', 'communications-social-media', 'ai-big-data', 'distributed-computing', 'content-creation', 'entertainment', 'sharing-economy', 'smart-contracts', 'video', 'huobi-capital-portfolio', 'web3', 'layer-1', 'depin', '2017-2018-alt-season', 'made-in-america', 'binance-ecosystem', 'binance-listing']",1000000000.0,1000000000.0,1000000000.0,False,,88,,,,2025-07-01T18:26:00.000Z,0.6509605064498651,15422738.95139763,-32.5986,-0.94262601,-5.13289776,-4.73383096,-13.66794268,-14.8833505,-22.02203452,650960506.4498651,0.02,650960506.45,,2025-07-01T18:26:00.000Z,,,,,,2025-07-02 00:02:29.214596,Mid Cap ($100M–$1B)
29270,Aerodrome Finance,AERO,aerodrome-finance,338,2024-02-02T07:15:19.000Z,"['defi', 'amm', 'base-ecosystem', 'binance-alpha', 'made-in-america', 'binance-ecosystem', 'binance-listing']",,845839400.3302478,1670330639.9426827,True,,89,159975820.01,122223268.40321393,,2025-07-01T18:26:00.000Z,0.7640108886178788,42927816.19515434,-32.8452,0.02483216,-8.7170187,-9.91933929,43.93296882,12.54713981,82.01657416,646230511.8743263,0.0198,1276150796.51,,2025-07-01T18:26:00.000Z,27716.0,Base,TBA,base,0x940181a94a35a4569e4529a3cdfb74e38fd98631,2025-07-02 00:02:29.214596,Mid Cap ($100M–$1B)
8000,Lido DAO,LDO,lido-dao,535,2020-12-15T00:00:00.000Z,"['defi', 'dao', 'ethereum-ecosystem', 'three-arrows-capital-portfolio', 'solana-ecosystem', 'paradigm-portfolio', 'terra-ecosystem', 'arbitrum-ecosystem', 'liquid-staking-derivatives', 'optimism-ecosystem', 'standard-crypto-portfolio', 'egirl-capital-portfolio', 'cmc-crypto-yearbook-2024-2025', 'binance-ecosystem', 'binance-listing']",,896960282.0157413,1000000000.0,False,,90,896960282.02,634781960.3300675,0.0279782,2025-07-01T18:26:00.000Z,0.7077035327590051,59049265.99739662,-19.3071,-0.72013203,-5.73840895,-1.27907027,-16.21866649,-18.4864138,-19.10478641,634781960.3270537,0.0195,707703532.76,22688451031.90577,2025-07-01T18:26:00.000Z,1027.0,Ethereum,ETH,ethereum,0x5a98fcbea516cf06857215779fd812ca3bef1b32,2025-07-02 00:02:29.214596,Mid Cap ($100M–$1B)
8425,JasmyCoin,JASMY,jasmy,306,2021-02-11T00:00:00.000Z,"['iot', 'ethereum-ecosystem', 'dwf-labs-portfolio', 'binance-ecosystem', 'binance-listing']",50000000000.0,49444999677.16958,50000000000.0,False,,91,,,,2025-07-01T18:26:00.000Z,0.01274399401034347,32999391.05170043,16.1275,-1.19109963,-3.20046186,-5.5568063,-17.11055815,-25.20152799,19.58562926,630126779.727284,0.0193,637199700.52,,2025-07-01T18:26:00.000Z,1027.0,Ethereum,ETH,ethereum,0x7420B4b9a0110cdC71fB720908340C03F9Bc03EC,2025-07-02 00:02:29.214596,Mid Cap ($100M–$1B)
1437,Zcash,ZEC,zcash,420,2016-10-29T00:00:00.000Z,"['mineable', 'pow', 'equihash', 'medium-of-exchange', 'privacy', 'zero-knowledge-proofs', 'binance-chain', 'boostvc-portfolio', 'dcg-portfolio', 'electric-capital-portfolio', 'fenbushi-capital-portfolio', 'hashkey-capital-portfolio', 'winklevoss-capital-portfolio', 'placeholder-ventures-portfolio', 'pantera-capital-portfolio', 'layer-1', 'standard-crypto-portfolio', '2017-2018-alt-season', 'made-in-america', 'binance-ecosystem', 'binance-listing']",21000000.0,16723464.19085043,16717818.87835043,False,,92,,,,2025-07-01T18:25:00.000Z,36.64045832715987,18191599.42362373,-74.6183,0.19501897,-6.25708692,-14.03355615,-27.83303044,0.23743886,-8.36162474,612755392.7706054,0.0188,769449624.87,,2025-07-01T18:25:00.000Z,,,,,,2025-07-02 00:02:29.214596,Mid Cap ($100M–$1B)
7326,DeXe,DEXE,dexe,127,2020-10-07T00:00:00.000Z,"['asset-management', 'ai-big-data', 'defi', 'dao', 'ethereum-ecosystem', 'bnb-chain-ecosystem', 'binance-ecosystem', 'binance-listing']",,83733425.74162056,96504599.33609451,False,,93,36466824.0,266070931.18697262,,2025-07-01T18:26:00.000Z,7.296246341249038,11485121.1184145,-48.1482,-0.32902066,-3.07015419,-5.4814814,-48.45591689,-44.37899143,-50.07757947,610939701.207547,0.0187,704121329.82,,2025-07-01T18:26:00.000Z,1027.0,Ethereum,ETH,ethereum,0xde4EE8057785A7e8e800Db58F9784845A5C2Cbd6,2025-07-02 00:02:29.214596,Mid Cap ($100M–$1B)
7080,Gala,GALA,gala,528,2020-09-16T00:00:00.000Z,"['collectibles-nfts', 'gaming', 'binance-smart-chain', 'polygon-ecosystem', 'play-to-earn', 'layer-1', 'dwf-labs-portfolio', 'made-in-america', 'binance-ecosystem', 'binance-listing']",50000000000.0,45101734222.59386,45101734222.59386,False,,94,37173569138.97,498143946.3338316,,2025-07-01T18:26:00.000Z,0.013400487439652777,67784118.34728645,-22.1527,-1.48238539,-5.88446865,-4.81327511,-19.77833955,-21.05832254,-14.30217891,604385222.9564267,0.0185,670024371.98,,2025-07-01T18:26:00.000Z,1027.0,Ethereum,ETH,ethereum,0xd1d2Eb1B1e90B638588728b4130137D262C87cae,2025-07-02 00:02:29.214596,Mid Cap ($100M–$1B)
6210,The Sandbox,SAND,the-sandbox,661,2020-08-05T00:00:00.000Z,"['communications-social-media', 'collectibles-nfts', 'content-creation', 'gaming', 'ethereum-ecosystem', 'binance-launchpad', 'metaverse', 'polygon-ecosystem', 'play-to-earn', 'animoca-brands-portfolio', 'alleged-sec-securities', 'binance-ecosystem', 'binance-listing']",,2573289190.2233224,3000000000.0,False,,95,,,,2025-07-01T18:26:00.000Z,0.23096077886644586,36974238.31978931,-32.8921,-0.83565099,-3.84836448,-9.48278217,-15.28628341,-23.69270382,-15.86074097,594328875.6225843,0.0182,692882336.6,,2025-07-01T18:26:00.000Z,1027.0,Ethereum,ETH,ethereum,0x3845badAde8e6dFF049820680d1F14bD3903a5d0,2025-07-02 00:02:29.214596,Mid Cap ($100M–$1B)
16086,BitTorrent [New],BTT,bittorrent-new,194,2019-01-31T00:00:00.000Z,"['platform', 'distributed-computing', 'defi', 'filesharing', 'interoperability', 'staking', 'ethereum-ecosystem', 'tron-ecosystem', 'storage', 'binance-launchpad', 'binance-labs-portfolio', 'web3', 'alleged-sec-securities', 'depin', 'tron20-ecosystem', 'binance-ecosystem', 'binance-listing']",,986061142857000.0,990000000000000.0,False,,96,,,,2025-07-01T18:26:00.000Z,5.937713831060933e-07,9306978.92136907,-27.0455,-0.10855873,-2.9541477,-3.55945865,-13.5445345,-16.62354311,-10.24168587,585494888.6213759,0.018,587833669.28,,2025-07-01T18:26:00.000Z,1958.0,Tron20,TRX,tron,TAFjULxiVgT4qWk6UZwjqwZXTSaGaqnVp4,2025-07-02 00:02:29.214596,Mid Cap ($100M–$1B)
1720,IOTA,IOTA,iota,194,2017-06-13T00:00:00.000Z,"['dag', 'medium-of-exchange', 'communications-social-media', 'iot', 'sharing-economy', 'real-world-assets', 'layer-1', 'dwf-labs-portfolio', 'depin', 'move-vm', '2017-2018-alt-season', 'binance-ecosystem', 'binance-listing']",,3866492557.0,4600000000.0,False,,97,3866492557.0,584180639.2142673,,2025-07-01T18:25:00.000Z,0.15108800304209852,11210877.89522811,-7.8476,-1.06638868,-5.43044395,-6.87755987,-17.09939603,-30.30244078,-12.47656356,584180639.2142673,0.0179,695004813.99,,2025-07-01T18:25:00.000Z,,,,,,2025-07-02 00:02:29.214596,Mid Cap ($100M–$1B)
33824,Maple Finance,SYRUP,maple-finance,127,2024-11-06T06:16:40.000Z,"['defi', 'dao', 'ethereum-ecosystem', 'framework-ventures-portfolio', 'real-world-assets', 'circle-ventures-portfolio', 'base-ecosystem', 'binance-ecosystem', 'binance-listing']",,1113467280.4506414,1189633000.0542712,True,,98,1069174126.22,546831423.8224953,,2025-07-01T18:25:00.000Z,0.5114521670626135,108759502.6303134,19.1596,-1.07434125,-8.66525173,-5.94070438,43.72978621,201.15796785,307.95521927,569485253.5397954,0.0175,608440375.89,,2025-07-01T18:25:00.000Z,1027.0,Ethereum,ETH,ethereum,0x643C4E15d7d62Ad0aBeC4a9BD4b001aA3Ef52d66,2025-07-02 00:02:29.214596,Mid Cap ($100M–$1B)
28177,Pyth Network,PYTH,pyth-network,349,2023-11-20T09:42:13.000Z,"['defi', 'oracles', 'solana-ecosystem', 'cross-chain', 'cmc-crypto-yearbook-2024-2025', 'binance-ecosystem', 'binance-listing']",10000000000.0,5749986072.355876,9999986072.355877,False,,99,1500000000.0,146872632.03257862,,2025-07-01T18:26:00.000Z,0.09791508802171907,38897332.12457193,-55.6526,-0.73294953,-7.28357647,1.93119179,-17.97110631,-35.12122543,-32.41250543,563010392.3983843,0.0173,979150880.22,,2025-07-01T18:26:00.000Z,5426.0,Solana,SOL,solana,HZ1JovNiVvGrGNiiYvEozEVgZ58xaU3RKwX8eACQBCt3,2025-07-02 00:02:29.214596,Mid Cap ($100M–$1B)
9481,Pendle,PENDLE,pendle,475,2021-04-29T00:00:00.000Z,"['defi', 'ethereum-ecosystem', 'olympus-pro-ecosystem', 'arbitrum-ecosystem', 'spartan-group', 'bitcoin-ecosystem', 'real-world-assets', 'restaking', 'eigenlayer-ecosystem', 'cmc-crypto-yearbook-2024-2025', 'btcfi', 'binance-ecosystem', 'binance-listing']",,164710124.7899907,281527448.45853144,False,,100,,,0.11638723,2025-07-01T18:25:00.000Z,3.4079581250285984,31542039.90053859,-35.0269,-0.49826245,-1.50897612,-3.2817856,-16.52370119,-5.31571125,7.12251532,561325208.0525231,0.0172,959433755.39,4822910802.31178,2025-07-01T18:25:00.000Z,1027.0,Ethereum,ETH,ethereum,0x808507121b80c02388fad14726482e061b8da827,2025-07-02 00:02:29.214596,Mid Cap ($100M–$1B)
